"country","gender","league_name","n_clubs","scrape_url","month","acl","acl_per_club","country_code"
"England","Women","Women's Super League",12,"https://www.soccerdonna.de/en/womens-super-league/verletzt/wettbewerb_ENG1.html","2026-01",17,1.41666666666667,"gb"
"England","Men","Premier League",20,"https://www.transfermarkt.com/premier-league/verletztespieler/wettbewerb/GB1","2026-01",9,0.45,"gb"
"Australia","Women","A-League Women",12,"https://www.soccerdonna.de/en/a-league-women/verletzt/wettbewerb_WL.html","2026-01",9,0.75,"au"
"Australia","Men","A-League Men",12,"https://www.transfermarkt.com/a-league/verletztespieler/wettbewerb/AUS1","2026-01",5,0.416666666666667,"au"
"United States","Women","NWSL",14,"https://www.soccerdonna.de/en/nwsl/verletzt/wettbewerb_NWSL.html","2026-01",13,0.928571428571429,"us"
"United States","Men","Major League Soccer",30,"https://www.transfermarkt.com/major-league-soccer/verletztespieler/wettbewerb/MLS1","2026-01",12,0.4,"us"
"Germany","Women","Frauen-Bundesliga",14,"https://www.soccerdonna.de/en/bundesliga/verletzt/wettbewerb_BL1.html","2026-01",15,1.07142857142857,"de"
"Germany","Men","Bundesliga",18,"https://www.transfermarkt.com/bundesliga/verletztespieler/wettbewerb/L1","2026-01",6,0.333333333333333,"de"
"France","Women","Premi√®re Ligue",12,"https://www.soccerdonna.de/en/premire-ligue/verletzt/wettbewerb_DAN1.html","2026-01",9,0.75,"fr"
"France","Men","Ligue 1",18,"https://www.transfermarkt.com/ligue-1/verletztespieler/wettbewerb/FR1","2026-01",5,0.277777777777778,"fr"
"Italy","Women","Serie A Femminile",12,"https://www.soccerdonna.de/en/serie-a-women/verletzt/wettbewerb_IT1.html","2026-01",6,0.5,"it"
"Italy","Men","Serie A",20,"https://www.transfermarkt.com/serie-a/verletztespieler/wettbewerb/IT1","2026-01",7,0.35,"it"
"Spain","Women","Liga F",16,"https://www.soccerdonna.de/en/primera-division-femenina/verletzt/wettbewerb_ESP1.html","2026-01",7,0.4375,"es"
"Spain","Men","La Liga",20,"https://www.transfermarkt.com/laliga/verletztespieler/wettbewerb/ES1","2026-01",7,0.35,"es"
"Japan","Women","WE League",12,"https://www.soccerdonna.de/en/we-league/verletzt/wettbewerb_JAPW.html","2026-01",19,1.58333333333333,"jp"
"Japan","Men","J1 League",20,"https://www.transfermarkt.com/j1-league/verletztespieler/wettbewerb/JAP1","2026-01",12,0.6,"jp"
